A_Lunn was removed from GBL-G-S-WEB-WebConference-WEBEX
Lunn, Tony (A_Lunn) has been removed from GBL-G-S-WEB-WebConference-WEBEX
V_Karia was removed from GBL-G-S-WEB-WebConference-WEBEX
Karia, Vikesh (V_Karia) has been removed from GBL-G-S-WEB-WebConference-WEBEX
S_Saad was removed from GBL-G-S-WEB-WebConference-WEBEX
Saad, Sihem (S_Saad) has been removed from GBL-G-S-WEB-WebConference-WEBEX
S_Forster was removed from GBL-G-S-WEB-WebConference-WEBEX
Forster, Simon (S_Forster) has been removed from GBL-G-S-WEB-WebConference-WEBEX
S_Inzani was removed from GBL-G-S-WEB-WebConference-WEBEX
Inzani, Stephen (S_Inzani) has been removed from GBL-G-S-WEB-WebConference-WEBEX
R_Mayers was removed from GBL-G-S-WEB-WebConference-WEBEX
O'Hara-Mayers, Richard (R_Mayers) has been removed from GBL-G-S-WEB-WebConference-WEBEX
M_Latham was removed from GBL-G-S-WEB-WebConference-WEBEX
Latham, Mark (M_Latham) has been removed from GBL-G-S-WEB-WebConference-WEBEX
B_Wilson was removed from GBL-G-S-WEB-WebConference-WEBEX
Wilson, Bradley (B_Wilson) has been removed from GBL-G-S-WEB-WebConference-WEBEX
M_Lewis was removed from GBL-G-S-WEB-WebConference-WEBEX
Lewis, Martin (M_Lewis) has been removed from GBL-G-S-WEB-WebConference-WEBEX
J_Willis was removed from GBL-G-S-WEB-WebConference-WEBEX
Willis, Jason (J_Willis) has been removed from GBL-G-S-WEB-WebConference-WEBEX
J_Sawyer was removed from GBL-G-S-WEB-WebConference-WEBEX
Sawyer, John (J_Sawyer) has been removed from GBL-G-S-WEB-WebConference-WEBEX
D_Trenholme was removed from GBL-G-S-WEB-WebConference-WEBEX
Trenholme, Duncan (D_Trenholme) has been removed from GBL-G-S-WEB-WebConference-WEBEX
brendaneaves was removed from GBL-G-S-WEB-WebConference-WEBEX
Eaves, Brendan (brendaneaves) has been removed from GBL-G-S-WEB-WebConference-WEBEX
BFitch was removed from GBL-G-S-WEB-WebConference-WEBEX
Fitch, Benjamin (BFitch) has been removed from GBL-G-S-WEB-WebConference-WEBEX
R_Hayes was removed from GBL-G-S-WEB-WebConference-WEBEX
Hayes, Richard (R_Hayes) has been removed from GBL-G-S-WEB-WebConference-WEBEX
R_Murphy was removed from GBL-G-S-WEB-WebConference-WEBEX
Murphy, Richard (R_Murphy) has been removed from GBL-G-S-WEB-WebConference-WEBEX
J_Wood was removed from GBL-G-S-WEB-WebConference-WEBEX
Wood, Jonathan (J_Wood) has been removed from GBL-G-S-WEB-WebConference-WEBEX
J_Preston was removed from GBL-G-S-WEB-WebConference-WEBEX
Preston, Jake (J_Preston) has been removed from GBL-G-S-WEB-WebConference-WEBEX
D_Sam was removed from GBL-G-S-WEB-WebConference-WEBEX
Sam, Daniel (D_Sam) has been removed from GBL-G-S-WEB-WebConference-WEBEX
S_Stavrou was removed from GBL-G-S-WEB-WebConference-WEBEX
Stavrou, Stavros (S_Stavrou) has been removed from GBL-G-S-WEB-WebConference-WEBEX
Y_Attuil was removed from GBL-G-S-WEB-WebConference-WEBEX
Attuil, Yoann (Y_Attuil) has been removed from GBL-G-S-WEB-WebConference-WEBEX
P_Okumi was removed from GBL-G-S-WEB-WebConference-WEBEX
Okumi, Patric (P_Okumi) has been removed from GBL-G-S-WEB-WebConference-WEBEX
A_Nugent was removed from GBL-G-S-WEB-WebConference-WEBEX
Nugent, Ashley (A_Nugent) has been removed from GBL-G-S-WEB-WebConference-WEBEX
m_cooper was removed from GBL-G-S-WEB-WebConference-WEBEX
Cooper, Matthew (m_cooper) has been removed from GBL-G-S-WEB-WebConference-WEBEX
j_tomei was removed from GBL-G-S-WEB-WebConference-WEBEX
Tomei, Jack (j_tomei) has been removed from GBL-G-S-WEB-WebConference-WEBEX
TFuller was removed from GBL-G-S-WEB-WebConference-WEBEX
Fuller, Thomas (TFuller) has been removed from GBL-G-S-WEB-WebConference-WEBEX
GHalloumas was removed from GBL-G-S-WEB-WebConference-WEBEX
Halloumas, George (GHalloumas) has been removed from GBL-G-S-WEB-WebConference-WEBEX
TLockyer was removed from GBL-G-S-WEB-WebConference-WEBEX
Lockyer, Thomas (TLockyer) has been removed from GBL-G-S-WEB-WebConference-WEBEX
RHilton was removed from GBL-G-S-WEB-WebConference-WEBEX
Hilton, Richard (RHilton) has been removed from GBL-G-S-WEB-WebConference-WEBEX
MWilliams was removed from GBL-G-S-WEB-WebConference-WEBEX
Williams, Matthew (MWilliams) has been removed from GBL-G-S-WEB-WebConference-WEBEX
KMandalia was removed from GBL-G-S-WEB-WebConference-WEBEX
Mandalia, Kishan (KMandalia) has been removed from GBL-G-S-WEB-WebConference-WEBEX
CStephens was removed from GBL-G-S-WEB-WebConference-WEBEX
Stephens, Craig (CStephens) has been removed from GBL-G-S-WEB-WebConference-WEBEX
SBiddle was removed from GBL-G-S-WEB-WebConference-WEBEX
Biddle, Simon (SBiddle) has been removed from GBL-G-S-WEB-WebConference-WEBEX
epierce was removed from GBL-G-S-WEB-WebConference-WEBEX
Pierce, Eric (epierce) has been removed from GBL-G-S-WEB-WebConference-WEBEX
dcouling was removed from GBL-G-S-WEB-WebConference-WEBEX
Couling, David (dcouling) has been removed from GBL-G-S-WEB-WebConference-WEBEX
gchristopher was removed from GBL-G-S-WEB-WebConference-WEBEX
Christopher, Gary (gchristopher) has been removed from GBL-G-S-WEB-WebConference-WEBEX
SSen was removed from GBL-G-S-WEB-WebConference-WEBEX
Sen, Saurja (SSen) has been removed from GBL-G-S-WEB-WebConference-WEBEX
EBrewster was removed from GBL-G-S-WEB-WebConference-WEBEX
Brewster, Eva (EBrewster) has been removed from GBL-G-S-WEB-WebConference-WEBEX
BFarrar was removed from GBL-G-S-WEB-WebConference-WEBEX
Farrar, Ben (BFarrar) has been removed from GBL-G-S-WEB-WebConference-WEBEX
SBurton was removed from GBL-G-S-WEB-WebConference-WEBEX
Burton, Shane (SBurton) has been removed from GBL-G-S-WEB-WebConference-WEBEX
AdamRoberts was removed from GBL-G-S-WEB-WebConference-WEBEX
Roberts, Adam (AdamRoberts) has been removed from GBL-G-S-WEB-WebConference-WEBEX
dsimpson was removed from GBL-G-S-WEB-WebConference-WEBEX
Simpson, Daniel (dsimpson) has been removed from GBL-G-S-WEB-WebConference-WEBEX
nburgess was removed from GBL-G-S-WEB-WebConference-WEBEX
Burgess, Neil (nburgess) has been removed from GBL-G-S-WEB-WebConference-WEBEX
rcamp was removed from GBL-G-S-WEB-WebConference-WEBEX
Camp, Robert (rcamp) has been removed from GBL-G-S-WEB-WebConference-WEBEX
GFreese was removed from GBL-G-S-WEB-WebConference-WEBEX
Freese, Gary (GFreese) has been removed from GBL-G-S-WEB-WebConference-WEBEX
JSamways was removed from GBL-G-S-WEB-WebConference-WEBEX
Samways, James (JSamways) has been removed from GBL-G-S-WEB-WebConference-WEBEX
ncooksley was removed from GBL-G-S-WEB-WebConference-WEBEX
Cooksley, Neil (ncooksley) has been removed from GBL-G-S-WEB-WebConference-WEBEX
ASouthern was removed from GBL-G-S-WEB-WebConference-WEBEX
Southern, Adam (ASouthern) has been removed from GBL-G-S-WEB-WebConference-WEBEX
BHall was removed from GBL-G-S-WEB-WebConference-WEBEX
Hall, Benjamin (BHall) has been removed from GBL-G-S-WEB-WebConference-WEBEX
LPage was removed from GBL-G-S-WEB-WebConference-WEBEX
Page, Lee (LPage) has been removed from GBL-G-S-WEB-WebConference-WEBEX
clord was removed from GBL-G-S-WEB-WebConference-WEBEX
Lord, Christopher (clord) has been removed from GBL-G-S-WEB-WebConference-WEBEX
wtaylor was removed from GBL-G-S-WEB-WebConference-WEBEX
Taylor, William (wtaylor) has been removed from GBL-G-S-WEB-WebConference-WEBEX
JHarvey was removed from GBL-G-S-WEB-WebConference-WEBEX
Harvey, Jonathan (JHarvey) has been removed from GBL-G-S-WEB-WebConference-WEBEX
KSedgwick was removed from GBL-G-S-WEB-WebConference-WEBEX
Sedgwick, Kevin (KSedgwick) has been removed from GBL-G-S-WEB-WebConference-WEBEX
bmason was removed from GBL-G-S-WEB-WebConference-WEBEX
Mason, Benjamin (bmason) has been removed from GBL-G-S-WEB-WebConference-WEBEX
CMorris was removed from GBL-G-S-WEB-WebConference-WEBEX
Morris, Callum (CMorris) has been removed from GBL-G-S-WEB-WebConference-WEBEX
jandrews was removed from GBL-G-S-WEB-WebConference-WEBEX
Andrews, Jonathan (jandrews) has been removed from GBL-G-S-WEB-WebConference-WEBEX
KMorrison was removed from GBL-G-S-WEB-WebConference-WEBEX
Morrison, Kevin (KMorrison) has been removed from GBL-G-S-WEB-WebConference-WEBEX
STerHaar was removed from GBL-G-S-WEB-WebConference-WEBEX
Ter Haar, Sara (STerHaar) has been removed from GBL-G-S-WEB-WebConference-WEBEX
PRussell was removed from GBL-G-S-WEB-WebConference-WEBEX
Russell, Peter (PRussell) has been removed from GBL-G-S-WEB-WebConference-WEBEX
A_Scarsi was removed from GBL-G-S-WEB-WebConference-WEBEX
Scarsi, Alexander (A_Scarsi) has been removed from GBL-G-S-WEB-WebConference-WEBEX
SEmmerson was removed from GBL-G-S-WEB-WebConference-WEBEX
Emmerson, Steve (SEmmerson) has been removed from GBL-G-S-WEB-WebConference-WEBEX
smirza was removed from GBL-G-S-WEB-WebConference-WEBEX
Mirza, Simon (smirza) has been removed from GBL-G-S-WEB-WebConference-WEBEX
CMontrose was removed from GBL-G-S-WEB-WebConference-WEBEX
Montrose, Charles (CMontrose) has been removed from GBL-G-S-WEB-WebConference-WEBEX
RFalconer was removed from GBL-G-S-WEB-WebConference-WEBEX
Falconer, Robert (RFalconer) has been removed from GBL-G-S-WEB-WebConference-WEBEX
TLodge was removed from GBL-G-S-WEB-WebConference-WEBEX
Lodge, Tina (TLodge) has been removed from GBL-G-S-WEB-WebConference-WEBEX
TBrown was removed from GBL-G-S-WEB-WebConference-WEBEX
Brown, Thomas (TBrown) has been removed from GBL-G-S-WEB-WebConference-WEBEX
AntonyGeorgiou was removed from GBL-G-S-WEB-WebConference-WEBEX
Georgiou, Antony (AntonyGeorgiou) has been removed from GBL-G-S-WEB-WebConference-WEBEX
AGill1 was removed from GBL-G-S-WEB-WebConference-WEBEX
Gill, Alex (AGill1) has been removed from GBL-G-S-WEB-WebConference-WEBEX
AJandu was removed from GBL-G-S-WEB-WebConference-WEBEX
Jandu, Arun (AJandu) has been removed from GBL-G-S-WEB-WebConference-WEBEX
BPurkiss was removed from GBL-G-S-WEB-WebConference-WEBEX
Purkiss, Brett (BPurkiss) has been removed from GBL-G-S-WEB-WebConference-WEBEX
cbennett was removed from GBL-G-S-WEB-WebConference-WEBEX
Bennett, Christopher (cbennett) has been removed from GBL-G-S-WEB-WebConference-WEBEX
DBurt was removed from GBL-G-S-WEB-WebConference-WEBEX
Burt, Danny (DBurt) has been removed from GBL-G-S-WEB-WebConference-WEBEX
dpratt was removed from GBL-G-S-WEB-WebConference-WEBEX
Pratt, David (dpratt) has been removed from GBL-G-S-WEB-WebConference-WEBEX
gmills was removed from GBL-G-S-WEB-WebConference-WEBEX
Mills, Gregory (gmills) has been removed from GBL-G-S-WEB-WebConference-WEBEX
GPage was removed from GBL-G-S-WEB-WebConference-WEBEX
Page, Greg (GPage) has been removed from GBL-G-S-WEB-WebConference-WEBEX
gwilliams was removed from GBL-G-S-WEB-WebConference-WEBEX
Williams, Guy (gwilliams) has been removed from GBL-G-S-WEB-WebConference-WEBEX
HOwers was removed from GBL-G-S-WEB-WebConference-WEBEX
Owers, Henry (HOwers) has been removed from GBL-G-S-WEB-WebConference-WEBEX
MHarris was removed from GBL-G-S-WEB-WebConference-WEBEX
Harris, Matthew (MHarris) has been removed from GBL-G-S-WEB-WebConference-WEBEX
DGallagher was removed from GBL-G-S-WEB-WebConference-WEBEX
Gallagher, Dominic (DGallagher) has been removed from GBL-G-S-WEB-WebConference-WEBEX
sdavies was removed from GBL-G-S-WEB-WebConference-WEBEX
Davies, Stewart (sdavies) has been removed from GBL-G-S-WEB-WebConference-WEBEX
EDikme was removed from GBL-G-S-WEB-WebConference-WEBEX
Dikme, Evren (EDikme) has been removed from GBL-G-S-WEB-WebConference-WEBEX
GBoston was removed from GBL-G-S-WEB-WebConference-WEBEX
Boston, George (GBoston) has been removed from GBL-G-S-WEB-WebConference-WEBEX
mlammin was removed from GBL-G-S-WEB-WebConference-WEBEX
Lammin, Michael (mlammin) has been removed from GBL-G-S-WEB-WebConference-WEBEX
GSmith1 was removed from GBL-G-S-WEB-WebConference-WEBEX
Smith, Grant (GSmith1) has been removed from GBL-G-S-WEB-WebConference-WEBEX
CMillichip was removed from GBL-G-S-WEB-WebConference-WEBEX
Millichip, Charlie (CMillichip) has been removed from GBL-G-S-WEB-WebConference-WEBEX
jwhite was removed from GBL-G-S-WEB-WebConference-WEBEX
White, Jonathan (jwhite) has been removed from GBL-G-S-WEB-WebConference-WEBEX
LHale was removed from GBL-G-S-WEB-WebConference-WEBEX
Hale, Lawrence (LHale) has been removed from GBL-G-S-WEB-WebConference-WEBEX
mcrane was removed from GBL-G-S-WEB-WebConference-WEBEX
Crane, Michael (mcrane) has been removed from GBL-G-S-WEB-WebConference-WEBEX
PBeckenham was removed from GBL-G-S-WEB-WebConference-WEBEX
Beckenham, Paul (PBeckenham) has been removed from GBL-G-S-WEB-WebConference-WEBEX
PConway was removed from GBL-G-S-WEB-WebConference-WEBEX
Conway, Patrick (PConway) has been removed from GBL-G-S-WEB-WebConference-WEBEX
SCorrigan was removed from GBL-G-S-WEB-WebConference-WEBEX
Corrigan, Sean (SCorrigan) has been removed from GBL-G-S-WEB-WebConference-WEBEX
SKelly was removed from GBL-G-S-WEB-WebConference-WEBEX
Kelly, Sam (SKelly) has been removed from GBL-G-S-WEB-WebConference-WEBEX
VErdogdu was removed from GBL-G-S-WEB-WebConference-WEBEX
Erdogdu, Velihan (VErdogdu) has been removed from GBL-G-S-WEB-WebConference-WEBEX
turbanski was removed from GBL-G-S-WEB-WebConference-WEBEX
Urbanski, Tomasz (turbanski) has been removed from GBL-G-S-WEB-WebConference-WEBEX
L_Jacobs was removed from GBL-G-S-WEB-WebConference-WEBEX
Jacobs, Lance (L_Jacobs) has been removed from GBL-G-S-WEB-WebConference-WEBEX
MBadini was removed from GBL-G-S-WEB-WebConference-WEBEX
Badini, Marco (MBadini) has been removed from GBL-G-S-WEB-WebConference-WEBEX
igranat was removed from GBL-G-S-WEB-WebConference-WEBEX
Granat, Ian (igranat) has been removed from GBL-G-S-WEB-WebConference-WEBEX
nbrown was removed from GBL-G-S-WEB-WebConference-WEBEX
Brown, Nicholas (nbrown) has been removed from GBL-G-S-WEB-WebConference-WEBEX
TMassey was removed from GBL-G-S-WEB-WebConference-WEBEX
Massey, Tom (TMassey) has been removed from GBL-G-S-WEB-WebConference-WEBEX
JNorey was removed from GBL-G-S-WEB-WebConference-WEBEX
Norey, Joseph (JNorey) has been removed from GBL-G-S-WEB-WebConference-WEBEX
pmendez was removed from GBL-G-S-WEB-WebConference-WEBEX
Mendez, Paul (pmendez) has been removed from GBL-G-S-WEB-WebConference-WEBEX
tpereira was removed from GBL-G-S-WEB-WebConference-WEBEX
Pereira, Thomas (tpereira) has been removed from GBL-G-S-WEB-WebConference-WEBEX
RMurphy was removed from GBL-G-S-WEB-WebConference-WEBEX
Murphy, Reece (RMurphy) has been removed from GBL-G-S-WEB-WebConference-WEBEX
agibbs was removed from GBL-G-S-WEB-WebConference-WEBEX
Gibbs, Adam (agibbs) has been removed from GBL-G-S-WEB-WebConference-WEBEX
JGills was removed from GBL-G-S-WEB-WebConference-WEBEX
Gills, Joseph (JGills) has been removed from GBL-G-S-WEB-WebConference-WEBEX
MKarat was removed from GBL-G-S-WEB-WebConference-WEBEX
Karat, Max (MKarat) has been removed from GBL-G-S-WEB-WebConference-WEBEX
APaul was removed from GBL-G-S-WEB-WebConference-WEBEX
Paul, Adam (APaul) has been removed from GBL-G-S-WEB-WebConference-WEBEX
DBartlett1 was removed from GBL-G-S-WEB-WebConference-WEBEX
Bartlett, Daniel (DBartlett1) has been removed from GBL-G-S-WEB-WebConference-WEBEX
NCarey was removed from GBL-G-S-WEB-WebConference-WEBEX
Carey, Nick (NCarey) has been removed from GBL-G-S-WEB-WebConference-WEBEX
SGudza was removed from GBL-G-S-WEB-WebConference-WEBEX
Gudza, Simba (SGudza) has been removed from GBL-G-S-WEB-WebConference-WEBEX
MRydman was removed from GBL-G-S-WEB-WebConference-WEBEX
Rydman, Martina (MRydman) has been removed from GBL-G-S-WEB-WebConference-WEBEX
MSturgess was removed from GBL-G-S-WEB-WebConference-WEBEX
Sturgess, Mollie (MSturgess) has been removed from GBL-G-S-WEB-WebConference-WEBEX
MCowper was removed from GBL-G-S-WEB-WebConference-WEBEX
Cowper, Mark (MCowper) has been removed from GBL-G-S-WEB-WebConference-WEBEX
JFarrands was removed from GBL-G-S-WEB-WebConference-WEBEX
Farrands, Joe (JFarrands) has been removed from GBL-G-S-WEB-WebConference-WEBEX
LHorne was removed from GBL-G-S-WEB-WebConference-WEBEX
Horne, Liam (LHorne) has been removed from GBL-G-S-WEB-WebConference-WEBEX
TMcGuigan was removed from GBL-G-S-WEB-WebConference-WEBEX
Callaghan, Tara (TMcGuigan) has been removed from GBL-G-S-WEB-WebConference-WEBEX
BMaubourguet was removed from GBL-G-S-WEB-WebConference-WEBEX
Maubourguet, Benoit (BMaubourguet) has been removed from GBL-G-S-WEB-WebConference-WEBEX
AKemp was removed from GBL-G-S-WEB-WebConference-WEBEX
Kemp, Anthony (AKemp) has been removed from GBL-G-S-WEB-WebConference-WEBEX
AButler was removed from GBL-G-S-WEB-WebConference-WEBEX
Butler, Andrew (AButler) has been removed from GBL-G-S-WEB-WebConference-WEBEX
TJackson was removed from GBL-G-S-WEB-WebConference-WEBEX
Jackson, Anthony (TJackson) has been removed from GBL-G-S-WEB-WebConference-WEBEX
TKavayi was removed from GBL-G-S-WEB-WebConference-WEBEX
Kavayi, Tendai (TKavayi) has been removed from GBL-G-S-WEB-WebConference-WEBEX
JHerlihy was removed from GBL-G-S-WEB-WebConference-WEBEX
Herlihy, Jack (JHerlihy) has been removed from GBL-G-S-WEB-WebConference-WEBEX
SWilliams was removed from GBL-G-S-WEB-WebConference-WEBEX
Williams, Sam (SWilliams) has been removed from GBL-G-S-WEB-WebConference-WEBEX
AAllright was removed from GBL-G-S-WEB-WebConference-WEBEX
Allright, Adam (AAllright) has been removed from GBL-G-S-WEB-WebConference-WEBEX
BGurr was removed from GBL-G-S-WEB-WebConference-WEBEX
Gurr, Bobby (BGurr) has been removed from GBL-G-S-WEB-WebConference-WEBEX
TSullivan was removed from GBL-G-S-WEB-WebConference-WEBEX
Sullivan, Anthony (TSullivan) has been removed from GBL-G-S-WEB-WebConference-WEBEX
AHasan was removed from GBL-G-S-WEB-WebConference-WEBEX
Hasan, Adam (AHasan) has been removed from GBL-G-S-WEB-WebConference-WEBEX
JBuckley was removed from GBL-G-S-WEB-WebConference-WEBEX
Buckley, John (JBuckley) has been removed from GBL-G-S-WEB-WebConference-WEBEX
RReal was removed from GBL-G-S-WEB-WebConference-WEBEX
Real, Randar (RReal) has been removed from GBL-G-S-WEB-WebConference-WEBEX
PWilliams was removed from GBL-G-S-WEB-WebConference-WEBEX
Williams, Peter (PWilliams) has been removed from GBL-G-S-WEB-WebConference-WEBEX
MSbitri was removed from GBL-G-S-WEB-WebConference-WEBEX
Sbitri, Mohamed (MSbitri) has been removed from GBL-G-S-WEB-WebConference-WEBEX
PNorris was removed from GBL-G-S-WEB-WebConference-WEBEX
Norris, Paul (PNorris) has been removed from GBL-G-S-WEB-WebConference-WEBEX
C_Dorfman was removed from GBL-G-S-WEB-WebConference-WEBEX
Dorfman, Christopher (C_Dorfman) has been removed from GBL-G-S-WEB-WebConference-WEBEX
AStares was removed from GBL-G-S-WEB-WebConference-WEBEX
Stares, Alex (AStares) has been removed from GBL-G-S-WEB-WebConference-WEBEX
J_Hall was removed from GBL-G-S-WEB-WebConference-WEBEX
Hall, Jon (J_Hall) has been removed from GBL-G-S-WEB-WebConference-WEBEX
DHinxman was removed from GBL-G-S-WEB-WebConference-WEBEX
Hinxman, Dan (DHinxman) has been removed from GBL-G-S-WEB-WebConference-WEBEX
REdwards was removed from GBL-G-S-WEB-WebConference-WEBEX
Edwards, Rebecca (REdwards) has been removed from GBL-G-S-WEB-WebConference-WEBEX
HHartnett was removed from GBL-G-S-WEB-WebConference-WEBEX
Hartnett, Hugh (HHartnett) has been removed from GBL-G-S-WEB-WebConference-WEBEX
mlos was removed from GBL-G-S-WEB-WebConference-WEBEX
Los, Michael (mlos) has been removed from GBL-G-S-WEB-WebConference-WEBEX
LStPierre was removed from GBL-G-S-WEB-WebConference-WEBEX
St Pierre, Lily (LStPierre) has been removed from GBL-G-S-WEB-WebConference-WEBEX
BAtkinson was removed from GBL-G-S-WEB-WebConference-WEBEX
Atkinson, Beverley (BAtkinson) has been removed from GBL-G-S-WEB-WebConference-WEBEX
FHeagney was removed from GBL-G-S-WEB-WebConference-WEBEX
Heagney, Francis (FHeagney) has been removed from GBL-G-S-WEB-WebConference-WEBEX
KHeapey was removed from GBL-G-S-WEB-WebConference-WEBEX
Heapey, Kevin (KHeapey) has been removed from GBL-G-S-WEB-WebConference-WEBEX
LMackay was removed from GBL-G-S-WEB-WebConference-WEBEX
Mackay, Lewis (LMackay) has been removed from GBL-G-S-WEB-WebConference-WEBEX
SBowring was removed from GBL-G-S-WEB-WebConference-WEBEX
Bowring, Stephen (SBowring) has been removed from GBL-G-S-WEB-WebConference-WEBEX
lsmith was removed from GBL-G-S-WEB-WebConference-WEBEX
Smith, Lucy (lsmith) has been removed from GBL-G-S-WEB-WebConference-WEBEX
bstephens was removed from GBL-G-S-WEB-WebConference-WEBEX
Stephens, Brett (bstephens) has been removed from GBL-G-S-WEB-WebConference-WEBEX
ECarinci was removed from GBL-G-S-WEB-WebConference-WEBEX
Carinci, Elia (ECarinci) has been removed from GBL-G-S-WEB-WebConference-WEBEX
RuForster was removed from GBL-G-S-WEB-WebConference-WEBEX
Forster, Rupert (RuForster) has been removed from GBL-G-S-WEB-WebConference-WEBEX
dwhitmarsh was removed from GBL-G-S-WEB-WebConference-WEBEX
Whitmarsh, Daniel (dwhitmarsh) has been removed from GBL-G-S-WEB-WebConference-WEBEX
A_DeCharnace was removed from GBL-G-S-WEB-WebConference-WEBEX
De Charnace, Arthur (A_DeCharnace) has been removed from GBL-G-S-WEB-WebConference-WEBEX
Th_Spires was removed from GBL-G-S-WEB-WebConference-WEBEX
Spires, Thomas (Th_Spires) has been removed from GBL-G-S-WEB-WebConference-WEBEX
tvandormael was removed from GBL-G-S-WEB-WebConference-WEBEX
Van Dormael, Thierry (tvandormael) has been removed from GBL-G-S-WEB-WebConference-WEBEX
fbenarrosh was removed from GBL-G-S-WEB-WebConference-WEBEX
Benarrosh, Franck (fbenarrosh) has been removed from GBL-G-S-WEB-WebConference-WEBEX
pdelanoue was removed from GBL-G-S-WEB-WebConference-WEBEX
Delanoue, Pascale (pdelanoue) has been removed from GBL-G-S-WEB-WebConference-WEBEX
cmorvan was removed from GBL-G-S-WEB-WebConference-WEBEX
Morvan, Cedric (cmorvan) has been removed from GBL-G-S-WEB-WebConference-WEBEX
czemiti was removed from GBL-G-S-WEB-WebConference-WEBEX
Zemiti, Clement (czemiti) has been removed from GBL-G-S-WEB-WebConference-WEBEX
blepeu was removed from GBL-G-S-WEB-WebConference-WEBEX
Lepeu, Benoit (blepeu) has been removed from GBL-G-S-WEB-WebConference-WEBEX
dmuller was removed from GBL-G-S-WEB-WebConference-WEBEX
Muller, Didier (dmuller) has been removed from GBL-G-S-WEB-WebConference-WEBEX
BRombi was removed from GBL-G-S-WEB-WebConference-WEBEX
Rombi-Michel, Beatrice (BRombi) has been removed from GBL-G-S-WEB-WebConference-WEBEX
GRegan was removed from GBL-G-S-WEB-WebConference-WEBEX
Regan, Gary (GRegan) has been removed from GBL-G-S-WEB-WebConference-WEBEX
A_Jones was removed from GBL-G-S-WEB-WebConference-WEBEX
Norton, Annie (A_Jones) has been removed from GBL-G-S-WEB-WebConference-WEBEX
c_mayhead was removed from GBL-G-S-WEB-WebConference-WEBEX
Mayhead, Christopher (c_mayhead) has been removed from GBL-G-S-WEB-WebConference-WEBEX
a_giesler was removed from GBL-G-S-WEB-WebConference-WEBEX
Giesler, Arnault (a_giesler) has been removed from GBL-G-S-WEB-WebConference-WEBEX
osurre was removed from GBL-G-S-WEB-WebConference-WEBEX
Surre, Olivier (osurre) has been removed from GBL-G-S-WEB-WebConference-WEBEX
k_boussenina was removed from GBL-G-S-WEB-WebConference-WEBEX
Boussenina, Karim (k_boussenina) has been removed from GBL-G-S-WEB-WebConference-WEBEX
a_vinardi was removed from GBL-G-S-WEB-WebConference-WEBEX
Vinardi, Antoine (a_vinardi) has been removed from GBL-G-S-WEB-WebConference-WEBEX
DCarbonne was removed from GBL-G-S-WEB-WebConference-WEBEX
Carbonne, Denis (DCarbonne) has been removed from GBL-G-S-WEB-WebConference-WEBEX
tdebourcq was removed from GBL-G-S-WEB-WebConference-WEBEX
Debourcq, Thierry (tdebourcq) has been removed from GBL-G-S-WEB-WebConference-WEBEX
mvoinot was removed from GBL-G-S-WEB-WebConference-WEBEX
Voinot, Matthieu (mvoinot) has been removed from GBL-G-S-WEB-WebConference-WEBEX
schobeaux was removed from GBL-G-S-WEB-WebConference-WEBEX
Chobeaux, Stephane (schobeaux) has been removed from GBL-G-S-WEB-WebConference-WEBEX
osanson was removed from GBL-G-S-WEB-WebConference-WEBEX
Sanson, Olivier (osanson) has been removed from GBL-G-S-WEB-WebConference-WEBEX
fsimon was removed from GBL-G-S-WEB-WebConference-WEBEX
Simon, Frederic (fsimon) has been removed from GBL-G-S-WEB-WebConference-WEBEX
SChiswick was removed from GBL-G-S-WEB-WebConference-WEBEX
Chiswick, Sean (SChiswick) has been removed from GBL-G-S-WEB-WebConference-WEBEX
s_esawy was removed from GBL-G-S-WEB-WebConference-WEBEX
Esawy, Sabrina (s_esawy) has been removed from GBL-G-S-WEB-WebConference-WEBEX
CMcManus was removed from GBL-G-S-WEB-WebConference-WEBEX
McManus, Conor (CMcManus) has been removed from GBL-G-S-WEB-WebConference-WEBEX
HRitchie was removed from GBL-G-S-WEB-WebConference-WEBEX
Ritchie, Henry (HRitchie) has been removed from GBL-G-S-WEB-WebConference-WEBEX
s_gouge was removed from GBL-G-S-WEB-WebConference-WEBEX
Gouge, Simon (s_gouge) has been removed from GBL-G-S-WEB-WebConference-WEBEX
JAllender was removed from GBL-G-S-WEB-WebConference-WEBEX
Allender, John (JAllender) has been removed from GBL-G-S-WEB-WebConference-WEBEX
CDorrian was removed from GBL-G-S-WEB-WebConference-WEBEX
Dorrian, Chris (CDorrian) has been removed from GBL-G-S-WEB-WebConference-WEBEX
DNile was removed from GBL-G-S-WEB-WebConference-WEBEX
Nile, David (DNile) has been removed from GBL-G-S-WEB-WebConference-WEBEX
DSpeakman was removed from GBL-G-S-WEB-WebConference-WEBEX
Speakman, David (DSpeakman) has been removed from GBL-G-S-WEB-WebConference-WEBEX
MHolt was removed from GBL-G-S-WEB-WebConference-WEBEX
Holt, Mark (MHolt) has been removed from GBL-G-S-WEB-WebConference-WEBEX
MaheshCollins was removed from GBL-G-S-WEB-WebConference-WEBEX
Collins, Mahesh (MaheshCollins) has been removed from GBL-G-S-WEB-WebConference-WEBEX
DHamdani was removed from GBL-G-S-WEB-WebConference-WEBEX
Hamdani, Daniel (DHamdani) has been removed from GBL-G-S-WEB-WebConference-WEBEX
j_brindle was removed from GBL-G-S-WEB-WebConference-WEBEX
Brindle, Joshua (j_brindle) has been removed from GBL-G-S-WEB-WebConference-WEBEX
DanielRead was removed from GBL-G-S-WEB-WebConference-WEBEX
Read, Daniel (DanielRead) has been removed from GBL-G-S-WEB-WebConference-WEBEX
g_lian was removed from GBL-G-S-WEB-WebConference-WEBEX
Lian, Guan (g_lian) has been removed from GBL-G-S-WEB-WebConference-WEBEX
p_almeidavilela was removed from GBL-G-S-WEB-WebConference-WEBEX
Almeida Vilela, Pedro (p_almeidavilela) has been removed from GBL-G-S-WEB-WebConference-WEBEX
g_decothi was removed from GBL-G-S-WEB-WebConference-WEBEX
De Cothi, George (g_decothi) has been removed from GBL-G-S-WEB-WebConference-WEBEX
j_burgess was removed from GBL-G-S-WEB-WebConference-WEBEX
Burgess, James (j_burgess) has been removed from GBL-G-S-WEB-WebConference-WEBEX
g_colins was removed from GBL-G-S-WEB-WebConference-WEBEX
Colins, Guillaume (g_colins) has been removed from GBL-G-S-WEB-WebConference-WEBEX
a_slater was removed from GBL-G-S-WEB-WebConference-WEBEX
Slater, Tony (a_slater) has been removed from GBL-G-S-WEB-WebConference-WEBEX
h_jones was removed from GBL-G-S-WEB-WebConference-WEBEX
Jones, Harrison (h_jones) has been removed from GBL-G-S-WEB-WebConference-WEBEX
n_burke was removed from GBL-G-S-WEB-WebConference-WEBEX
Burke, Neil (n_burke) has been removed from GBL-G-S-WEB-WebConference-WEBEX
be_lewis was removed from GBL-G-S-WEB-WebConference-WEBEX
Lewis, Benedict (be_lewis) has been removed from GBL-G-S-WEB-WebConference-WEBEX
a_redington was removed from GBL-G-S-WEB-WebConference-WEBEX
Redington, Alannah (a_redington) has been removed from GBL-G-S-WEB-WebConference-WEBEX
j_pecoraro was removed from GBL-G-S-WEB-WebConference-WEBEX
Pecoraro, James (j_pecoraro) has been removed from GBL-G-S-WEB-WebConference-WEBEX
a_rayne was removed from GBL-G-S-WEB-WebConference-WEBEX
Rayne, Anneka (a_rayne) has been removed from GBL-G-S-WEB-WebConference-WEBEX
b_mcnee was removed from GBL-G-S-WEB-WebConference-WEBEX
Mcnee, Bradley (b_mcnee) has been removed from GBL-G-S-WEB-WebConference-WEBEX
p_lebouc was removed from GBL-G-S-WEB-WebConference-WEBEX
Lebouc, Patrick (p_lebouc) has been removed from GBL-G-S-WEB-WebConference-WEBEX
h_gullberg was removed from GBL-G-S-WEB-WebConference-WEBEX
Gullberg, Henrik (h_gullberg) has been removed from GBL-G-S-WEB-WebConference-WEBEX
m_tardy was removed from GBL-G-S-WEB-WebConference-WEBEX
Tardy, Michel (m_tardy) has been removed from GBL-G-S-WEB-WebConference-WEBEX
d_pennell was removed from GBL-G-S-WEB-WebConference-WEBEX
Pennell, David (d_pennell) has been removed from GBL-G-S-WEB-WebConference-WEBEX
l_tailliar was removed from GBL-G-S-WEB-WebConference-WEBEX
Tailliar, Laurence (l_tailliar) has been removed from GBL-G-S-WEB-WebConference-WEBEX
j_warringer was removed from GBL-G-S-WEB-WebConference-WEBEX
Warringer, James (j_warringer) has been removed from GBL-G-S-WEB-WebConference-WEBEX
a_wilson was removed from GBL-G-S-WEB-WebConference-WEBEX
Wilson, Angus (a_wilson) has been removed from GBL-G-S-WEB-WebConference-WEBEX
d_tranter was removed from GBL-G-S-WEB-WebConference-WEBEX
Tranter, David (d_tranter) has been removed from GBL-G-S-WEB-WebConference-WEBEX
m_clarfelt was removed from GBL-G-S-WEB-WebConference-WEBEX
Clarfelt, Max (m_clarfelt) has been removed from GBL-G-S-WEB-WebConference-WEBEX
g_ferrand was removed from GBL-G-S-WEB-WebConference-WEBEX
Ferrand, Gilbert (g_ferrand) has been removed from GBL-G-S-WEB-WebConference-WEBEX
d_ive was removed from GBL-G-S-WEB-WebConference-WEBEX
Ive, Daniel (d_ive) has been removed from GBL-G-S-WEB-WebConference-WEBEX
r_honess was removed from GBL-G-S-WEB-WebConference-WEBEX
Honess, Richard (r_honess) has been removed from GBL-G-S-WEB-WebConference-WEBEX
b_ellbogen was removed from GBL-G-S-WEB-WebConference-WEBEX
Ellbogen, Ben (b_ellbogen) has been removed from GBL-G-S-WEB-WebConference-WEBEX
d_everson was removed from GBL-G-S-WEB-WebConference-WEBEX
Everson, David (d_everson) has been removed from GBL-G-S-WEB-WebConference-WEBEX
li_tyrimos was removed from GBL-G-S-WEB-WebConference-WEBEX
Tyrimos, Lily-Anna (li_tyrimos) has been removed from GBL-G-S-WEB-WebConference-WEBEX
g_clapham was removed from GBL-G-S-WEB-WebConference-WEBEX
Clapham, Graham (g_clapham) has been removed from GBL-G-S-WEB-WebConference-WEBEX
AEvans2 was removed from GBL-G-S-WEB-WebConference-WEBEX
Evans, Alex (AEvans2) has been removed from GBL-G-S-WEB-WebConference-WEBEX
p_roudergue was removed from GBL-G-S-WEB-WebConference-WEBEX
Roudergue, Pierre-Jean (p_roudergue) has been removed from GBL-G-S-WEB-WebConference-WEBEX
n_tharmendiran was removed from GBL-G-S-WEB-WebConference-WEBEX
Tharmendiran, Nivethan (n_tharmendiran) has been removed from GBL-G-S-WEB-WebConference-WEBEX
n_rashidi was removed from GBL-G-S-WEB-WebConference-WEBEX
Rashidi, Nilab (n_rashidi) has been removed from GBL-G-S-WEB-WebConference-WEBEX
f_belkacemi was removed from GBL-G-S-WEB-WebConference-WEBEX
Belkacemi, Farid (f_belkacemi) has been removed from GBL-G-S-WEB-WebConference-WEBEX
r_ravikulan was removed from GBL-G-S-WEB-WebConference-WEBEX
Ravikulan, Ramanan (r_ravikulan) has been removed from GBL-G-S-WEB-WebConference-WEBEX
s_mauger was removed from GBL-G-S-WEB-WebConference-WEBEX
Mauger, Sophie (s_mauger) has been removed from GBL-G-S-WEB-WebConference-WEBEX
m_sheikh was removed from GBL-G-S-WEB-WebConference-WEBEX
Sheikh, Muj (m_sheikh) has been removed from GBL-G-S-WEB-WebConference-WEBEX
m_marchant was removed from GBL-G-S-WEB-WebConference-WEBEX
Marchant, Martin (m_marchant) has been removed from GBL-G-S-WEB-WebConference-WEBEX
rzemdikhanov was removed from GBL-G-S-WEB-WebConference-WEBEX
Zemdikhanov, Rinat (rzemdikhanov) has been removed from GBL-G-S-WEB-WebConference-WEBEX
aturner was removed from GBL-G-S-WEB-WebConference-WEBEX
Turner, Alan (aturner) has been removed from GBL-G-S-WEB-WebConference-WEBEX
achaitidis was removed from GBL-G-S-WEB-WebConference-WEBEX
Chaitidis, Artemis (achaitidis) has been removed from GBL-G-S-WEB-WebConference-WEBEX
dodintcov was removed from GBL-G-S-WEB-WebConference-WEBEX
Odintcov, Dmitrii (dodintcov) has been removed from GBL-G-S-WEB-WebConference-WEBEX
mevlogimenos was removed from GBL-G-S-WEB-WebConference-WEBEX
Evlogimenos, Markos (mevlogimenos) has been removed from GBL-G-S-WEB-WebConference-WEBEX
a_fominykh was removed from GBL-G-S-WEB-WebConference-WEBEX
Fominykh, Aleksandr (a_fominykh) has been removed from GBL-G-S-WEB-WebConference-WEBEX
sludmila was removed from GBL-G-S-WEB-WebConference-WEBEX
Savvina, Ludmila (sludmila) has been removed from GBL-G-S-WEB-WebConference-WEBEX
lvakanas was removed from GBL-G-S-WEB-WebConference-WEBEX
Vakanas, Lenos (lvakanas) has been removed from GBL-G-S-WEB-WebConference-WEBEX
ppenpraze was removed from GBL-G-S-WEB-WebConference-WEBEX
Penpraze, Phillip (ppenpraze) has been removed from GBL-G-S-WEB-WebConference-WEBEX
o_winks was removed from GBL-G-S-WEB-WebConference-WEBEX
Wink, Oliver (o_winks) has been removed from GBL-G-S-WEB-WebConference-WEBEX
o_rickards was removed from GBL-G-S-WEB-WebConference-WEBEX
Rickards, Oliver (o_rickards) has been removed from GBL-G-S-WEB-WebConference-WEBEX
g_frost was removed from GBL-G-S-WEB-WebConference-WEBEX
Frost, Guy (g_frost) has been removed from GBL-G-S-WEB-WebConference-WEBEX
p_moussa was removed from GBL-G-S-WEB-WebConference-WEBEX
Moussa, Pierre Alexandre (p_moussa) has been removed from GBL-G-S-WEB-WebConference-WEBEX
t_iversen was removed from GBL-G-S-WEB-WebConference-WEBEX
Iversen, Thomas (t_iversen) has been removed from GBL-G-S-WEB-WebConference-WEBEX
spopa was removed from GBL-G-S-WEB-WebConference-WEBEX
Popa, Sebastian (spopa) has been removed from GBL-G-S-WEB-WebConference-WEBEX
ptofan was removed from GBL-G-S-WEB-WebConference-WEBEX
Tofan, Petru (ptofan) has been removed from GBL-G-S-WEB-WebConference-WEBEX
jo_price was removed from GBL-G-S-WEB-WebConference-WEBEX
Price, Jon (jo_price) has been removed from GBL-G-S-WEB-WebConference-WEBEX
nfielder was removed from GBL-G-S-WEB-WebConference-WEBEX
Fielder, Nathan (nfielder) has been removed from GBL-G-S-WEB-WebConference-WEBEX
b_bowler was removed from GBL-G-S-WEB-WebConference-WEBEX
Bowler, Ben (b_bowler) has been removed from GBL-G-S-WEB-WebConference-WEBEX
m_theel was removed from GBL-G-S-WEB-WebConference-WEBEX
Theel, Michael (m_theel) has been removed from GBL-G-S-WEB-WebConference-WEBEX
aabdallah was removed from GBL-G-S-WEB-WebConference-WEBEX
Abdallah, Ali (aabdallah) has been removed from GBL-G-S-WEB-WebConference-WEBEX
g_martins was removed from GBL-G-S-WEB-WebConference-WEBEX
Martins, Gilles (g_martins) has been removed from GBL-G-S-WEB-WebConference-WEBEX
sbourhis was removed from GBL-G-S-WEB-WebConference-WEBEX
Bourhis, Sébastien (sbourhis) has been removed from GBL-G-S-WEB-WebConference-WEBEX
cmcewen was removed from GBL-G-S-WEB-WebConference-WEBEX
McEwen, Chris (cmcewen) has been removed from GBL-G-S-WEB-WebConference-WEBEX
abazely was removed from GBL-G-S-WEB-WebConference-WEBEX
Bazely, Ashley (abazely) has been removed from GBL-G-S-WEB-WebConference-WEBEX
bsouthall was removed from GBL-G-S-WEB-WebConference-WEBEX
Southall, Ben (bsouthall) has been removed from GBL-G-S-WEB-WebConference-WEBEX
avirji was removed from GBL-G-S-WEB-WebConference-WEBEX
Virji, Abbas (avirji) has been removed from GBL-G-S-WEB-WebConference-WEBEX
block was removed from GBL-G-S-WEB-WebConference-WEBEX
Lock, Benjamin (block) has been removed from GBL-G-S-WEB-WebConference-WEBEX
adownard was removed from GBL-G-S-WEB-WebConference-WEBEX
Downard, Andrew (adownard) has been removed from GBL-G-S-WEB-WebConference-WEBEX
bwright was removed from GBL-G-S-WEB-WebConference-WEBEX
Wright, Ben (bwright) has been removed from GBL-G-S-WEB-WebConference-WEBEX
awaple was removed from GBL-G-S-WEB-WebConference-WEBEX
Waple, Albert (awaple) has been removed from GBL-G-S-WEB-WebConference-WEBEX
kdav was removed from GBL-G-S-WEB-WebConference-WEBEX
Dav, Kunal (kdav) has been removed from GBL-G-S-WEB-WebConference-WEBEX
mgreen was removed from GBL-G-S-WEB-WebConference-WEBEX
Green, Michael (mgreen) has been removed from GBL-G-S-WEB-WebConference-WEBEX
nprajapati was removed from GBL-G-S-WEB-WebConference-WEBEX
Prajapati, Nikhil (nprajapati) has been removed from GBL-G-S-WEB-WebConference-WEBEX
lbaldwin was removed from GBL-G-S-WEB-WebConference-WEBEX
Baldwin, Luke (lbaldwin) has been removed from GBL-G-S-WEB-WebConference-WEBEX
jsheldrake was removed from GBL-G-S-WEB-WebConference-WEBEX
Sheldrake, Jenner (jsheldrake) has been removed from GBL-G-S-WEB-WebConference-WEBEX
jwhitehead was removed from GBL-G-S-WEB-WebConference-WEBEX
Whitehead, James (jwhitehead) has been removed from GBL-G-S-WEB-WebConference-WEBEX
smorani was removed from GBL-G-S-WEB-WebConference-WEBEX
Morani, Sameer (smorani) has been removed from GBL-G-S-WEB-WebConference-WEBEX
rparikh was removed from GBL-G-S-WEB-WebConference-WEBEX
Parikh, Ruchi (rparikh) has been removed from GBL-G-S-WEB-WebConference-WEBEX
tstilwell was removed from GBL-G-S-WEB-WebConference-WEBEX
Stilwell, Tom (tstilwell) has been removed from GBL-G-S-WEB-WebConference-WEBEX
rcranston was removed from GBL-G-S-WEB-WebConference-WEBEX
Cranston, Rob (rcranston) has been removed from GBL-G-S-WEB-WebConference-WEBEX
sgilbert was removed from GBL-G-S-WEB-WebConference-WEBEX
Gilbert, Simon (sgilbert) has been removed from GBL-G-S-WEB-WebConference-WEBEX
pprajapati was removed from GBL-G-S-WEB-WebConference-WEBEX
Prajapati, Paresh (pprajapati) has been removed from GBL-G-S-WEB-WebConference-WEBEX
sshinde was removed from GBL-G-S-WEB-WebConference-WEBEX
Shinde, Sam (sshinde) has been removed from GBL-G-S-WEB-WebConference-WEBEX
nseth was removed from GBL-G-S-WEB-WebConference-WEBEX
Seth, Nisha (nseth) has been removed from GBL-G-S-WEB-WebConference-WEBEX
lgomez was removed from GBL-G-S-WEB-WebConference-WEBEX
Gomez Rios, Laura (lgomez) has been removed from GBL-G-S-WEB-WebConference-WEBEX
kmehta was removed from GBL-G-S-WEB-WebConference-WEBEX
Mehta, Keyur (kmehta) has been removed from GBL-G-S-WEB-WebConference-WEBEX
dharper was removed from GBL-G-S-WEB-WebConference-WEBEX
Harper, Daniel (dharper) has been removed from GBL-G-S-WEB-WebConference-WEBEX
mpumfrey was removed from GBL-G-S-WEB-WebConference-WEBEX
Pumfrey, Mark (mpumfrey) has been removed from GBL-G-S-WEB-WebConference-WEBEX
kalsalti was removed from GBL-G-S-WEB-WebConference-WEBEX
Alsalti, Kareem (kalsalti) has been removed from GBL-G-S-WEB-WebConference-WEBEX
jchahal was removed from GBL-G-S-WEB-WebConference-WEBEX
Chahal, Jasmin (jchahal) has been removed from GBL-G-S-WEB-WebConference-WEBEX
tbooth was removed from GBL-G-S-WEB-WebConference-WEBEX
Booth, Tony (tbooth) has been removed from GBL-G-S-WEB-WebConference-WEBEX
hgorsiya was removed from GBL-G-S-WEB-WebConference-WEBEX
Gorsiya, Harish (hgorsiya) has been removed from GBL-G-S-WEB-WebConference-WEBEX
philmarsson was removed from GBL-G-S-WEB-WebConference-WEBEX
Hilmarsson, Petur (philmarsson) has been removed from GBL-G-S-WEB-WebConference-WEBEX
pkassianides was removed from GBL-G-S-WEB-WebConference-WEBEX
Kassianides, Photis (pkassianides) has been removed from GBL-G-S-WEB-WebConference-WEBEX
jarunachalam was removed from GBL-G-S-WEB-WebConference-WEBEX
Arunachalam, James (jarunachalam) has been removed from GBL-G-S-WEB-WebConference-WEBEX
nbourne was removed from GBL-G-S-WEB-WebConference-WEBEX
Bourne, Natalie (nbourne) has been removed from GBL-G-S-WEB-WebConference-WEBEX
ncockle was removed from GBL-G-S-WEB-WebConference-WEBEX
Cockle, Nick (ncockle) has been removed from GBL-G-S-WEB-WebConference-WEBEX
mgorrod was removed from GBL-G-S-WEB-WebConference-WEBEX
Gorrod, Marc (mgorrod) has been removed from GBL-G-S-WEB-WebConference-WEBEX
jkirk was removed from GBL-G-S-WEB-WebConference-WEBEX
Kirk, James (jkirk) has been removed from GBL-G-S-WEB-WebConference-WEBEX
dcole was removed from GBL-G-S-WEB-WebConference-WEBEX
Cole, David (dcole) has been removed from GBL-G-S-WEB-WebConference-WEBEX
hpanchal was removed from GBL-G-S-WEB-WebConference-WEBEX
Panchal, Hitesh (hpanchal) has been removed from GBL-G-S-WEB-WebConference-WEBEX
ljacobs was removed from GBL-G-S-WEB-WebConference-WEBEX
Jacobs, Lara (ljacobs) has been removed from GBL-G-S-WEB-WebConference-WEBEX
gdadald was removed from GBL-G-S-WEB-WebConference-WEBEX
Gasparotto Dadald, Guilherme (gdadald) has been removed from GBL-G-S-WEB-WebConference-WEBEX
gexton was removed from GBL-G-S-WEB-WebConference-WEBEX
Exton, Gareth (gexton) has been removed from GBL-G-S-WEB-WebConference-WEBEX
gwiltshire was removed from GBL-G-S-WEB-WebConference-WEBEX
Wiltshire, Grant (gwiltshire) has been removed from GBL-G-S-WEB-WebConference-WEBEX
jmargetts was removed from GBL-G-S-WEB-WebConference-WEBEX
Margetts, James (jmargetts) has been removed from GBL-G-S-WEB-WebConference-WEBEX
imihov was removed from GBL-G-S-WEB-WebConference-WEBEX
Mihov, Ivan (imihov) has been removed from GBL-G-S-WEB-WebConference-WEBEX
codriscoll was removed from GBL-G-S-WEB-WebConference-WEBEX
O'Driscoll, Caoimhe (codriscoll) has been removed from GBL-G-S-WEB-WebConference-WEBEX
epatricio was removed from GBL-G-S-WEB-WebConference-WEBEX
Patricio, Emmanuelle (epatricio) has been removed from GBL-G-S-WEB-WebConference-WEBEX
jgray was removed from GBL-G-S-WEB-WebConference-WEBEX
Gray, Jonathan (jgray) has been removed from GBL-G-S-WEB-WebConference-WEBEX
egoi was removed from GBL-G-S-WEB-WebConference-WEBEX
Goi, Enrico (egoi) has been removed from GBL-G-S-WEB-WebConference-WEBEX
vdav was removed from GBL-G-S-WEB-WebConference-WEBEX
Dav, Vanraj (vdav) has been removed from GBL-G-S-WEB-WebConference-WEBEX
uredmond was removed from GBL-G-S-WEB-WebConference-WEBEX
Redmond, Ursula (uredmond) has been removed from GBL-G-S-WEB-WebConference-WEBEX
zkhokhar was removed from GBL-G-S-WEB-WebConference-WEBEX
Khokhar, Zeba (zkhokhar) has been removed from GBL-G-S-WEB-WebConference-WEBEX
mtaylor1 was removed from GBL-G-S-WEB-WebConference-WEBEX
Taylor, Mark (mtaylor1) has been removed from GBL-G-S-WEB-WebConference-WEBEX
dbird was removed from GBL-G-S-WEB-WebConference-WEBEX
Bird, Darren (dbird) has been removed from GBL-G-S-WEB-WebConference-WEBEX
vdogaru was removed from GBL-G-S-WEB-WebConference-WEBEX
Dogaru, Valentin (vdogaru) has been removed from GBL-G-S-WEB-WebConference-WEBEX
mseppings was removed from GBL-G-S-WEB-WebConference-WEBEX
Seppings, Matt (mseppings) has been removed from GBL-G-S-WEB-WebConference-WEBEX
htaylor was removed from GBL-G-S-WEB-WebConference-WEBEX
Taylor, Henry (htaylor) has been removed from GBL-G-S-WEB-WebConference-WEBEX
r_gash was removed from GBL-G-S-WEB-WebConference-WEBEX
Gash, Rob (r_gash) has been removed from GBL-G-S-WEB-WebConference-WEBEX
sshah was removed from GBL-G-S-WEB-WebConference-WEBEX
Shah, Sonal (sshah) has been removed from GBL-G-S-WEB-WebConference-WEBEX
schavali was removed from GBL-G-S-WEB-WebConference-WEBEX
Chavali, Sasidhar (schavali) has been removed from GBL-G-S-WEB-WebConference-WEBEX
pfysh was removed from GBL-G-S-WEB-WebConference-WEBEX
Fysh, Paul (pfysh) has been removed from GBL-G-S-WEB-WebConference-WEBEX
hmaster was removed from GBL-G-S-WEB-WebConference-WEBEX
Master, Hamza (hmaster) has been removed from GBL-G-S-WEB-WebConference-WEBEX
mcharalampous was removed from GBL-G-S-WEB-WebConference-WEBEX
Charalampous, Marios (mcharalampous) has been removed from GBL-G-S-WEB-WebConference-WEBEX
slowres was removed from GBL-G-S-WEB-WebConference-WEBEX
Lowres, Samuel (slowres) has been removed from GBL-G-S-WEB-WebConference-WEBEX
mlowe was removed from GBL-G-S-WEB-WebConference-WEBEX
Lowe, Mark (mlowe) has been removed from GBL-G-S-WEB-WebConference-WEBEX
a_bousabaa was removed from GBL-G-S-WEB-WebConference-WEBEX
Bousabaa, Abdelkader (a_bousabaa) has been removed from GBL-G-S-WEB-WebConference-WEBEX
tdellmann was removed from GBL-G-S-WEB-WebConference-WEBEX
Dellmann, Tom (tdellmann) has been removed from GBL-G-S-WEB-WebConference-WEBEX
shegde was removed from GBL-G-S-WEB-WebConference-WEBEX
Hegde, Shridhar (shegde) has been removed from GBL-G-S-WEB-WebConference-WEBEX
dchow was removed from GBL-G-S-WEB-WebConference-WEBEX
Chow, Dave (dchow) has been removed from GBL-G-S-WEB-WebConference-WEBEX
tyasin was removed from GBL-G-S-WEB-WebConference-WEBEX
Yasin, Thomas (tyasin) has been removed from GBL-G-S-WEB-WebConference-WEBEX
adutt was removed from GBL-G-S-WEB-WebConference-WEBEX
Dutt, Amit (adutt) has been removed from GBL-G-S-WEB-WebConference-WEBEX
kmakwana was removed from GBL-G-S-WEB-WebConference-WEBEX
Makwana, Kuldeep (kmakwana) has been removed from GBL-G-S-WEB-WebConference-WEBEX
nshah was removed from GBL-G-S-WEB-WebConference-WEBEX
Shah, Nipesh (nshah) has been removed from GBL-G-S-WEB-WebConference-WEBEX
prodriguez was removed from GBL-G-S-WEB-WebConference-WEBEX
Rodriguez, Paco (prodriguez) has been removed from GBL-G-S-WEB-WebConference-WEBEX
wgour1 was removed from GBL-G-S-WEB-WebConference-WEBEX
Gour, Willson (wgour1) has been removed from GBL-G-S-WEB-WebConference-WEBEX
estingone was removed from GBL-G-S-WEB-WebConference-WEBEX
Stingone, Enzo (estingone) has been removed from GBL-G-S-WEB-WebConference-WEBEX
iellis was removed from GBL-G-S-WEB-WebConference-WEBEX
Ellis, Ian (iellis) has been removed from GBL-G-S-WEB-WebConference-WEBEX
s_kumar was removed from GBL-G-S-WEB-WebConference-WEBEX
Kumar, Sachin (s_kumar) has been removed from GBL-G-S-WEB-WebConference-WEBEX
p_kilmurray was removed from GBL-G-S-WEB-WebConference-WEBEX
Kilmurray, Paul (p_kilmurray) has been removed from GBL-G-S-WEB-WebConference-WEBEX
a_moreno was removed from GBL-G-S-WEB-WebConference-WEBEX
Moreno, Alex (a_moreno) has been removed from GBL-G-S-WEB-WebConference-WEBEX
n_nooy was removed from GBL-G-S-WEB-WebConference-WEBEX
Nooy, Niels (n_nooy) has been removed from GBL-G-S-WEB-WebConference-WEBEX
wi_sweeney was removed from GBL-G-S-WEB-WebConference-WEBEX
Sweeney, William (wi_sweeney) has been removed from GBL-G-S-WEB-WebConference-WEBEX
n_stacey was removed from GBL-G-S-WEB-WebConference-WEBEX
Stacey, Neil (n_stacey) has been removed from GBL-G-S-WEB-WebConference-WEBEX
c_trieu was removed from GBL-G-S-WEB-WebConference-WEBEX
Trieu, Christopher (c_trieu) has been removed from GBL-G-S-WEB-WebConference-WEBEX
M_Koestel was removed from GBL-G-S-WEB-WebConference-WEBEX
Kostel, Miriam (M_Koestel) has been removed from GBL-G-S-WEB-WebConference-WEBEX
m_huertas was removed from GBL-G-S-WEB-WebConference-WEBEX
Huertas, Moira (m_huertas) has been removed from GBL-G-S-WEB-WebConference-WEBEX
n_mousouros was removed from GBL-G-S-WEB-WebConference-WEBEX
Mousouros, Nikolas (n_mousouros) has been removed from GBL-G-S-WEB-WebConference-WEBEX
a_tiwari was removed from GBL-G-S-WEB-WebConference-WEBEX
Tiwari, Akash (a_tiwari) has been removed from GBL-G-S-WEB-WebConference-WEBEX
d_noorian was removed from GBL-G-S-WEB-WebConference-WEBEX
Noorian, Daniel (d_noorian) has been removed from GBL-G-S-WEB-WebConference-WEBEX
d_smith was removed from GBL-G-S-WEB-WebConference-WEBEX
Smith, Darren (d_smith) has been removed from GBL-G-S-WEB-WebConference-WEBEX
n_hunter was removed from GBL-G-S-WEB-WebConference-WEBEX
Hunter, Nichola (n_hunter) has been removed from GBL-G-S-WEB-WebConference-WEBEX
s_sachdeva was removed from GBL-G-S-WEB-WebConference-WEBEX
Sachdeva, Surpreet (s_sachdeva) has been removed from GBL-G-S-WEB-WebConference-WEBEX
n_eleftheriou was removed from GBL-G-S-WEB-WebConference-WEBEX
Eleftheriou, Natali (n_eleftheriou) has been removed from GBL-G-S-WEB-WebConference-WEBEX
ku_jeyanthan was removed from GBL-G-S-WEB-WebConference-WEBEX
Jeyanthan, Kumarasamy (ku_jeyanthan) has been removed from GBL-G-S-WEB-WebConference-WEBEX
s_angadala was removed from GBL-G-S-WEB-WebConference-WEBEX
Angadala, Siva (s_angadala) has been removed from GBL-G-S-WEB-WebConference-WEBEX
cboyt was removed from GBL-G-S-WEB-WebConference-WEBEX
Boyt, Cameron (cboyt) has been removed from GBL-G-S-WEB-WebConference-WEBEX
a_gibbs was removed from GBL-G-S-WEB-WebConference-WEBEX
Gibbs, Albert (a_gibbs) has been removed from GBL-G-S-WEB-WebConference-WEBEX
c_theophilou was removed from GBL-G-S-WEB-WebConference-WEBEX
Theophilou, Constantinos (c_theophilou) has been removed from GBL-G-S-WEB-WebConference-WEBEX
a_khan was removed from GBL-G-S-WEB-WebConference-WEBEX
Khan, Ahsan (a_khan) has been removed from GBL-G-S-WEB-WebConference-WEBEX
h_matoo was removed from GBL-G-S-WEB-WebConference-WEBEX
Matoo, Hareena (h_matoo) has been removed from GBL-G-S-WEB-WebConference-WEBEX
s_pissourios was removed from GBL-G-S-WEB-WebConference-WEBEX
Pissourios, Spyros (s_pissourios) has been removed from GBL-G-S-WEB-WebConference-WEBEX
djames was removed from GBL-G-S-WEB-WebConference-WEBEX
James, Darcey (djames) has been removed from GBL-G-S-WEB-WebConference-WEBEX
j_clarke was removed from GBL-G-S-WEB-WebConference-WEBEX
Clarke, James (j_clarke) has been removed from GBL-G-S-WEB-WebConference-WEBEX
gstafuka was removed from GBL-G-S-WEB-WebConference-WEBEX
Stafuka, Gersi (gstafuka) has been removed from GBL-G-S-WEB-WebConference-WEBEX
l_kuessner was removed from GBL-G-S-WEB-WebConference-WEBEX
Kuessner, Leon (l_kuessner) has been removed from GBL-G-S-WEB-WebConference-WEBEX
m_foord was removed from GBL-G-S-WEB-WebConference-WEBEX
Foord, Michael (m_foord) has been removed from GBL-G-S-WEB-WebConference-WEBEX
syali was removed from GBL-G-S-WEB-WebConference-WEBEX
Ali, Syed (syali) has been removed from GBL-G-S-WEB-WebConference-WEBEX
vhirani was removed from GBL-G-S-WEB-WebConference-WEBEX
Hirani, Vinod (vhirani) has been removed from GBL-G-S-WEB-WebConference-WEBEX
cdiviney was removed from GBL-G-S-WEB-WebConference-WEBEX
Diviney, Conor (cdiviney) has been removed from GBL-G-S-WEB-WebConference-WEBEX
psingh was removed from GBL-G-S-WEB-WebConference-WEBEX
Singh, Pat (psingh) has been removed from GBL-G-S-WEB-WebConference-WEBEX
b_wood was removed from GBL-G-S-WEB-WebConference-WEBEX
Wood, Benjamin (b_wood) has been removed from GBL-G-S-WEB-WebConference-WEBEX
